suite,algo,n,value,unit
Sorting,bubble,250,1.5218,milliseconds
Sorting,merge_sort,250,0.240709,milliseconds
Sorting,quick,250,0.260091,milliseconds
Sorting,bubble,500,7.4493,milliseconds
Sorting,merge_sort,500,0.554817,milliseconds
Sorting,quick,500,0.547328,milliseconds
Sorting,bubble,1000,31.3418,milliseconds
Sorting,merge_sort,1000,1.1513,milliseconds
Sorting,quick,1000,1.16286,milliseconds
Sorting,bubble,2000,130.909,milliseconds
Sorting,merge_sort,2000,2.55289,milliseconds
Sorting,quick,2000,2.39314,milliseconds
Sorting,bubble,4000,541.911,milliseconds
Sorting,merge_sort,4000,5.58364,milliseconds
Sorting,quick,4000,5.17646,milliseconds
Fibonacci (DP),fib_naive,10,0.005799,milliseconds
Fibonacci (DP),fib_memo,10,0.005293,milliseconds
Fibonacci (DP),fib_tab,10,0.000423,milliseconds
Fibonacci (DP),fib_naive,15,0.062995,milliseconds
Fibonacci (DP),fib_memo,15,0.005324,milliseconds
Fibonacci (DP),fib_tab,15,0.000465,milliseconds
Fibonacci (DP),fib_naive,20,0.702839,milliseconds
Fibonacci (DP),fib_memo,20,0.006815,milliseconds
Fibonacci (DP),fib_tab,20,0.00056,milliseconds
Fibonacci (DP),fib_naive,25,7.97834,milliseconds
Fibonacci (DP),fib_memo,25,0.008885,milliseconds
Fibonacci (DP),fib_tab,25,0.000744,milliseconds
Fibonacci (DP),fib_naive,30,88.835,milliseconds
Fibonacci (DP),fib_memo,30,0.009109,milliseconds
Fibonacci (DP),fib_tab,30,0.000794,milliseconds
Knapsack (DP vs brute force),knap_brute,8,0.050821,milliseconds
Knapsack (DP vs brute force),knap_dp,8,0.076735,milliseconds
Knapsack (DP vs brute force),knap_brute,10,0.179325,milliseconds
Knapsack (DP vs brute force),knap_dp,10,0.104947,milliseconds
Knapsack (DP vs brute force),knap_brute,12,0.406578,milliseconds
Knapsack (DP vs brute force),knap_dp,12,0.113954,milliseconds
Knapsack (DP vs brute force),knap_brute,14,1.89511,milliseconds
Knapsack (DP vs brute force),knap_dp,14,0.147136,milliseconds
Knapsack (DP vs brute force),knap_brute,16,2.48952,milliseconds
Knapsack (DP vs brute force),knap_dp,16,0.154435,milliseconds
Knapsack (DP vs brute force),knap_brute,18,5.59337,milliseconds
Knapsack (DP vs brute force),knap_dp,18,0.183356,milliseconds
Graphs: BFS vs Dijkstra vs Bellman-Ford,bfs,200,0.037943,milliseconds
Graphs: BFS vs Dijkstra vs Bellman-Ford,dijkstra_heap,200,0.120838,milliseconds
Graphs: BFS vs Dijkstra vs Bellman-Ford,bellman_ford,200,0.168371,milliseconds
Graphs: BFS vs Dijkstra vs Bellman-Ford,bfs,400,0.094034,milliseconds
Graphs: BFS vs Dijkstra vs Bellman-Ford,dijkstra_heap,400,0.284672,milliseconds
Graphs: BFS vs Dijkstra vs Bellman-Ford,bellman_ford,400,0.416299,milliseconds
Graphs: BFS vs Dijkstra vs Bellman-Ford,bfs,800,0.19265,milliseconds
Graphs: BFS vs Dijkstra vs Bellman-Ford,dijkstra_heap,800,0.600281,milliseconds
Graphs: BFS vs Dijkstra vs Bellman-Ford,bellman_ford,800,0.992423,milliseconds
Graphs: BFS vs Dijkstra vs Bellman-Ford,bfs,1600,0.353632,milliseconds
Graphs: BFS vs Dijkstra vs Bellman-Ford,dijkstra_heap,1600,1.25131,milliseconds
Graphs: BFS vs Dijkstra vs Bellman-Ford,bellman_ford,1600,2.88867,milliseconds
Graphs: BFS vs Dijkstra vs Bellman-Ford,bfs,3200,0.782421,milliseconds
Graphs: BFS vs Dijkstra vs Bellman-Ford,dijkstra_heap,3200,2.85367,milliseconds
Graphs: BFS vs Dijkstra vs Bellman-Ford,bellman_ford,3200,4.50202,milliseconds
Backtracking: N-Queens pruning,backtracking,4,17.0,nodes explored
Backtracking: N-Queens pruning,no_pruning,4,341.0,nodes explored
Backtracking: N-Queens pruning,backtracking,5,54.0,nodes explored
Backtracking: N-Queens pruning,no_pruning,5,3906.0,nodes explored
Backtracking: N-Queens pruning,backtracking,6,153.0,nodes explored
Backtracking: N-Queens pruning,no_pruning,6,55987.0,nodes explored
Backtracking: N-Queens pruning,backtracking,7,552.0,nodes explored
Backtracking: N-Queens pruning,no_pruning,7,960800.0,nodes explored
Greedy vs optimal (quality),greedy,10,99.3182,% of optimal value
Greedy vs optimal (quality),greedy_plus_best_item,10,99.3182,% of optimal value
Greedy vs optimal (quality),greedy,20,99.1699,% of optimal value
Greedy vs optimal (quality),greedy_plus_best_item,20,99.1699,% of optimal value
Greedy vs optimal (quality),greedy,30,99.2887,% of optimal value
Greedy vs optimal (quality),greedy_plus_best_item,30,99.2887,% of optimal value
Greedy vs optimal (quality),greedy,40,99.4722,% of optimal value
Greedy vs optimal (quality),greedy_plus_best_item,40,99.4722,% of optimal value
Greedy vs optimal (quality),greedy,50,99.5511,% of optimal value
Greedy vs optimal (quality),greedy_plus_best_item,50,99.5511,% of optimal value
Memory: sorting peak KB,bubble,500,4.15234,peak KB
Memory: sorting peak KB,merge_sort,500,15.7812,peak KB
Memory: sorting peak KB,quick,500,16.8438,peak KB
Memory: sorting peak KB,bubble,1000,8.08984,peak KB
Memory: sorting peak KB,merge_sort,1000,32.125,peak KB
Memory: sorting peak KB,quick,1000,27.8516,peak KB
Memory: sorting peak KB,bubble,2000,15.9023,peak KB
Memory: sorting peak KB,merge_sort,2000,62.7188,peak KB
Memory: sorting peak KB,quick,2000,60.2734,peak KB
Memory: sorting peak KB,bubble,4000,31.5273,peak KB
Memory: sorting peak KB,merge_sort,4000,126.062,peak KB
Memory: sorting peak KB,quick,4000,75.9766,peak KB
Memory: sorting peak KB,bubble,8000,62.7773,peak KB
Memory: sorting peak KB,merge_sort,8000,253.188,peak KB
Memory: sorting peak KB,quick,8000,323.117,peak KB
Branch & bound: knapsack nodes,brute_force,10,551.0,nodes explored
Branch & bound: knapsack nodes,branch_and_bound,10,20.0,nodes explored
Branch & bound: knapsack nodes,brute_force,12,1702.0,nodes explored
Branch & bound: knapsack nodes,branch_and_bound,12,48.0,nodes explored
Branch & bound: knapsack nodes,brute_force,14,7230.0,nodes explored
Branch & bound: knapsack nodes,branch_and_bound,14,25.0,nodes explored
Branch & bound: knapsack nodes,brute_force,16,19701.0,nodes explored
Branch & bound: knapsack nodes,branch_and_bound,16,79.0,nodes explored
Branch & bound: knapsack nodes,brute_force,18,72180.0,nodes explored
Branch & bound: knapsack nodes,branch_and_bound,18,57.0,nodes explored
Network flow: Edmonds-Karp vs DFS,edmonds_karp,50,0.472479,milliseconds
Network flow: Edmonds-Karp vs DFS,ford_fulkerson_dfs,50,0.778415,milliseconds
Network flow: Edmonds-Karp vs DFS,edmonds_karp,100,0.175788,milliseconds
Network flow: Edmonds-Karp vs DFS,ford_fulkerson_dfs,100,0.492559,milliseconds
Network flow: Edmonds-Karp vs DFS,edmonds_karp,200,1.26158,milliseconds
Network flow: Edmonds-Karp vs DFS,ford_fulkerson_dfs,200,2.24644,milliseconds
Network flow: Edmonds-Karp vs DFS,edmonds_karp,400,4.59836,milliseconds
Network flow: Edmonds-Karp vs DFS,ford_fulkerson_dfs,400,6.49981,milliseconds
Network flow: Edmonds-Karp vs DFS,edmonds_karp,800,8.57431,milliseconds
Network flow: Edmonds-Karp vs DFS,ford_fulkerson_dfs,800,11.4779,milliseconds
Approximation: vertex cover ratio,matching_2approx,6,1.75556,approx ratio (size / OPT)
Approximation: vertex cover ratio,greedy_max_degree,6,1.0,approx ratio (size / OPT)
Approximation: vertex cover ratio,matching_2approx,8,1.73556,approx ratio (size / OPT)
Approximation: vertex cover ratio,greedy_max_degree,8,1.0,approx ratio (size / OPT)
Approximation: vertex cover ratio,matching_2approx,10,1.6,approx ratio (size / OPT)
Approximation: vertex cover ratio,greedy_max_degree,10,1.07333,approx ratio (size / OPT)
Approximation: vertex cover ratio,matching_2approx,12,1.51063,approx ratio (size / OPT)
Approximation: vertex cover ratio,greedy_max_degree,12,1.04286,approx ratio (size / OPT)
Approximation: vertex cover ratio,matching_2approx,14,1.5381,approx ratio (size / OPT)
Approximation: vertex cover ratio,greedy_max_degree,14,1.0381,approx ratio (size / OPT)
Amortized: dynamic array cost,doubling,100,2.27,amortized cost per append
Amortized: dynamic array cost,grow_1.5x,100,3.84,amortized cost per append
Amortized: dynamic array cost,grow_plus_1,100,50.5,amortized cost per append
Amortized: dynamic array cost,doubling,1000,2.023,amortized cost per append
Amortized: dynamic array cost,grow_1.5x,1000,3.137,amortized cost per append
Amortized: dynamic array cost,grow_plus_1,1000,500.5,amortized cost per append
Amortized: dynamic array cost,doubling,10000,2.6383,amortized cost per append
Amortized: dynamic array cost,grow_1.5x,10000,3.4284,amortized cost per append
Amortized: dynamic array cost,grow_plus_1,10000,5000.5,amortized cost per append
Amortized: dynamic array cost,doubling,100000,2.31071,amortized cost per append
Amortized: dynamic array cost,grow_1.5x,100000,3.76521,amortized cost per append
Amortized: dynamic array cost,grow_plus_1,100000,50000.5,amortized cost per append
Minimum spanning tree: Kruskal vs Prim,kruskal,200,0.315815,milliseconds
Minimum spanning tree: Kruskal vs Prim,prim,200,0.375361,milliseconds
Minimum spanning tree: Kruskal vs Prim,kruskal,400,0.753097,milliseconds
Minimum spanning tree: Kruskal vs Prim,prim,400,1.5309,milliseconds
Minimum spanning tree: Kruskal vs Prim,kruskal,800,1.69743,milliseconds
Minimum spanning tree: Kruskal vs Prim,prim,800,2.47458,milliseconds
Minimum spanning tree: Kruskal vs Prim,kruskal,1600,3.55449,milliseconds
Minimum spanning tree: Kruskal vs Prim,prim,1600,5.34535,milliseconds
Minimum spanning tree: Kruskal vs Prim,kruskal,3200,8.20712,milliseconds
Minimum spanning tree: Kruskal vs Prim,prim,3200,12.205,milliseconds
TSP: branch & bound nodes,brute_force,5,65.0,nodes explored
TSP: branch & bound nodes,branch_and_bound,5,63.0,nodes explored
TSP: branch & bound nodes,brute_force,6,326.0,nodes explored
TSP: branch & bound nodes,branch_and_bound,6,277.0,nodes explored
TSP: branch & bound nodes,brute_force,7,1957.0,nodes explored
TSP: branch & bound nodes,branch_and_bound,7,1499.0,nodes explored
TSP: branch & bound nodes,brute_force,8,13700.0,nodes explored
TSP: branch & bound nodes,branch_and_bound,8,5500.0,nodes explored
TSP: branch & bound nodes,brute_force,9,109601.0,nodes explored
TSP: branch & bound nodes,branch_and_bound,9,27021.0,nodes explored
LCS: recursion vs DP table,naive_recursion,4,109.0,subproblem evaluations
LCS: recursion vs DP table,dp_table,4,25.0,subproblem evaluations
LCS: recursion vs DP table,naive_recursion,6,211.0,subproblem evaluations
LCS: recursion vs DP table,dp_table,6,49.0,subproblem evaluations
LCS: recursion vs DP table,naive_recursion,8,401.0,subproblem evaluations
LCS: recursion vs DP table,dp_table,8,81.0,subproblem evaluations
LCS: recursion vs DP table,naive_recursion,10,3929.0,subproblem evaluations
LCS: recursion vs DP table,dp_table,10,121.0,subproblem evaluations
LCS: recursion vs DP table,naive_recursion,12,38772.0,subproblem evaluations
LCS: recursion vs DP table,dp_table,12,169.0,subproblem evaluations
